{
	"fighter1": 151345.90714285715,
	"fighter2": 8251.464285714286,
	"fighter3": 115844.7,
	"fighter4": 160350.4,
	"fighter5": 132715.05,
	"fighter6": 105239.05,
	"fighter7": 140311.7857142857,
	"fighter8": 180408.47857142857
}